{
  "experiment": "exp1_scarcity",
  "config": {
    "seed": 54324596931673839,
    "founders": 10,
    "max_agents": 80,
    "bounds_km": [
      0.4,
      0.4
    ],
    "cultures": 1,
    "drive_accel": 4000.0,
    "catastrophe_at_tick": -1
  },
  "ticks_run": 80,
  "wall_clock_s": 1.58093638101127,
  "tps": 50.60292176262449,
  "final_alive": 10,
  "cum_births": 10,
  "cum_deaths": 0,
  "cum_events": 71,
  "metrics": {
    "tick": [
      0,
      1,
      2,
      3,
      4,
      5,
      6,
      7,
      8,
      9,
      10,
      11,
      12,
      13,
      14,
      15,
      16,
      17,
      18,
      19,
      20,
      21,
      22,
      23,
      24,
      25,
      26,
      27,
      28,
      29,
      30,
      31,
      32,
      33,
      34,
      35,
      36,
      37,
      38,
      39,
      40,
      41,
      42,
      43,
      44,
      45,
      46,
      47,
      48,
      49,
      50,
      51,
      52,
      53,
      54,
      55,
      56,
      57,
      58,
      59,
      60,
      61,
      62,
      63,
      64,
      65,
      66,
      67,
      68,
      69,
      70,
      71,
      72,
      73,
      74,
      75,
      76,
      77,
      78,
      79,
      80
    ],
    "population": [
      10,
      10,
      10,
      10,
      10,
      10,
      10,
      10,
      10,
      10,
      10,
      10,
      10,
      10,
      10,
      10,
      10,
      10,
      10,
      10,
      10,
      10,
      10,
      10,
      10,
      10,
      10,
      10,
      10,
      10,
      10,
      10,
      10,
      10,
      10,
      10,
      10,
      10,
      10,
      10,
      10,
      10,
      10,
      10,
      10,
      10,
      10,
      10,
      10,
      10,
      10,
      10,
      10,
      10,
      10,
      10,
      10,
      10,
      10,
      10,
      10,
      10,
      10,
      10,
      10,
      10,
      10,
      10,
      10,
      10,
      10,
      10,
      10,
      10,
      10,
      10,
      10,
      10,
      10,
      10,
      10
    ],
    "births_cum": [
      10,
      10,
      10,
      10,
      10,
      10,
      10,
      10,
      10,
      10,
      10,
      10,
      10,
      10,
      10,
      10,
      10,
      10,
      10,
      10,
      10,
      10,
      10,
      10,
      10,
      10,
      10,
      10,
      10,
      10,
      10,
      10,
      10,
      10,
      10,
      10,
      10,
      10,
      10,
      10,
      10,
      10,
      10,
      10,
      10,
      10,
      10,
      10,
      10,
      10,
      10,
      10,
      10,
      10,
      10,
      10,
      10,
      10,
      10,
      10,
      10,
      10,
      10,
      10,
      10,
      10,
      10,
      10,
      10,
      10,
      10,
      10,
      10,
      10,
      10,
      10,
      10,
      10,
      10,
      10,
      10
    ],
    "deaths_cum": [
      0,
      0,
      0,
      0,
      0,
      0,
      0,
      0,
      0,
      0,
      0,
      0,
      0,
      0,
      0,
      0,
      0,
      0,
      0,
      0,
      0,
      0,
      0,
      0,
      0,
      0,
      0,
      0,
      0,
      0,
      0,
      0,
      0,
      0,
      0,
      0,
      0,
      0,
      0,
      0,
      0,
      0,
      0,
      0,
      0,
      0,
      0,
      0,
      0,
      0,
      0,
      0,
      0,
      0,
      0,
      0,
      0,
      0,
      0,
      0,
      0,
      0,
      0,
      0,
      0,
      0,
      0,
      0,
      0,
      0,
      0,
      0,
      0,
      0,
      0,
      0,
      0,
      0,
      0,
      0,
      0
    ],
    "avg_hunger": [
      0.30000001192092896,
      0.3033068776130676,
      0.3066137433052063,
      0.30992060899734497,
      0.31322747468948364,
      0.3165343403816223,
      0.319841206073761,
      0.32314807176589966,
      0.32645493745803833,
      0.329761803150177,
      0.3330686688423157,
      0.33637553453445435,
      0.339682400226593,
      0.3429892659187317,
      0.34629613161087036,
      0.34960299730300903,
      0.3529098629951477,
      0.3562167286872864,
      0.35952359437942505,
      0.3628304600715637,
      0.3661373257637024,
      0.36944419145584106,
      0.37275105714797974,
      0.3760579228401184,
      0.3793647885322571,
      0.38267165422439575,
      0.3859785199165344,
      0.3892853856086731,
      0.39259225130081177,
      0.39589911699295044,
      0.3992059826850891,
      0.4025128483772278,
      0.40581971406936646,
      0.4091265797615051,
      0.4124334454536438,
      0.41574031114578247,
      0.41904717683792114,
      0.4223540425300598,
      0.4256609082221985,
      0.42896777391433716,
      0.43227463960647583,
      0.4355815052986145,
      0.4388883709907532,
      0.44219523668289185,
      0.4455021321773529,
      0.4488089978694916,
      0.45211586356163025,
      0.4554227292537689,
      0.4587295949459076,
      0.46203646063804626,
      0.46534332633018494,
      0.4686501920223236,
      0.4719570577144623,
      0.47526392340660095,
      0.4785707890987396,
      0.4818776547908783,
      0.48518452048301697,
      0.48849138617515564,
      0.4917982518672943,
      0.495105117559433,
      0.49841198325157166,
      0.5017188787460327,
      0.5050257444381714,
      0.5083326101303101,
      0.5116394758224487,
      0.5149463415145874,
      0.5182532072067261,
      0.5215600728988647,
      0.5248669385910034,
      0.5281738042831421,
      0.5314806699752808,
      0.5347875356674194,
      0.5380944013595581,
      0.5414012670516968,
      0.5447081327438354,
      0.5480149984359741,
      0.5513218641281128,
      0.5546287298202515,
      0.5579355955123901,
      0.5612424612045288,
      0.5645493268966675
    ],
    "avg_thirst": [
      0.30000001192092896,
      0.3154321014881134,
      0.33086419105529785,
      0.3462962806224823,
      0.36172837018966675,
      0.3771604895591736,
      0.39259251952171326,
      0.4080246388912201,
      0.42345672845840454,
      0.4388888478279114,
      0.45432090759277344,
      0.4697529673576355,
      0.48518508672714233,
      0.5006171464920044,
      0.516049325466156,
      0.5314813852310181,
      0.5469135642051697,
      0.5623456239700317,
      0.5777778029441833,
      0.5932098627090454,
      0.608642041683197,
      0.3540741801261902,
      0.36950623989105225,
      0.3849383294582367,
      0.37037044763565063,
      0.3858025074005127,
      0.40123462677001953,
      0.4166666865348816,
      0.43209877610206604,
      0.4475308358669281,
      0.46296295523643494,
      0.4783950448036194,
      0.4938271641731262,
      0.5092592239379883,
      0.5246914029121399,
      0.540123462677002,
      0.5555555820465088,
      0.5709877014160156,
      0.5864198803901672,
      0.6018519401550293,
      0.40728408098220825,
      0.4227162003517151,
      0.43814826011657715,
      0.4535803198814392,
      0.37901246547698975,
      0.3944445550441742,
      0.40987664461135864,
      0.4253087043762207,
      0.44074082374572754,
      0.4561728835105896,
      0.47160500288009644,
      0.4870370924472809,
      0.5024691820144653,
      0.5179013013839722,
      0.533333420753479,
      0.5487655401229858,
      0.5641976594924927,
      0.5796297788619995,
      0.5950618982315063,
      0.6104940176010132,
      0.62592613697052,
      0.4613582193851471,
      0.47679033875465393,
      0.3722224235534668,
      0.38765448331832886,
      0.4030866026878357,
      0.41851869225502014,
      0.433950811624527,
      0.44938284158706665,
      0.4648149907588959,
      0.48024702072143555,
      0.49567919969558716,
      0.5111112594604492,
      0.5265434384346008,
      0.5419754981994629,
      0.5574076771736145,
      0.5728397369384766,
      0.5882719159126282,
      0.6037039756774902,
      0.4991361200809479,
      0.5145682096481323
    ],