{
  "experiment": "exp2_food_pressure",
  "config": {
    "seed": 820066844313,
    "founders": 50,
    "max_agents": 200,
    "bounds_km": [
      0.6,
      0.6
    ],
    "cultures": 1,
    "drive_accel": 6000.0,
    "catastrophe_at_tick": -1
  },
  "ticks_run": 60,
  "wall_clock_s": 4.08323472799384,
  "tps": 14.694232390964938,
  "final_alive": 50,
  "cum_births": 50,
  "cum_deaths": 0,
  "cum_events": 368,
  "metrics": {
    "tick": [
      0,
      1,
      2,
      3,
      4,
      5,
      6,
      7,
      8,
      9,
      10,
      11,
      12,
      13,
      14,
      15,
      16,
      17,
      18,
      19,
      20,
      21,
      22,
      23,
      24,
      25,
      26,
      27,
      28,
      29,
      30,
      31,
      32,
      33,
      34,
      35,
      36,
      37,
      38,
      39,
      40,
      41,
      42,
      43,
      44,
      45,
      46,
      47,
      48,
      49,
      50,
      51,
      52,
      53,
      54,
      55,
      56,
      57,
      58,
      59,
      60
    ],
    "population": [
      50,
      50,
      50,
      50,
      50,
      50,
      50,
      50,
      50,
      50,
      50,
      50,
      50,
      50,
      50,
      50,
      50,
      50,
      50,
      50,
      50,
      50,
      50,
      50,
      50,
      50,
      50,
      50,
      50,
      50,
      50,
      50,
      50,
      50,
      50,
      50,
      50,
      50,
      50,
      50,
      50,
      50,
      50,
      50,
      50,
      50,
      50,
      50,
      50,
      50,
      50,
      50,
      50,
      50,
      50,
      50,
      50,
      50,
      50,
      50,
      50
    ],
    "births_cum": [
      50,
      50,
      50,
      50,
      50,
      50,
      50,
      50,
      50,
      50,
      50,
      50,
      50,
      50,
      50,
      50,
      50,
      50,
      50,
      50,
      50,
      50,
      50,
      50,
      50,
      50,
      50,
      50,
      50,
      50,
      50,
      50,
      50,
      50,
      50,
      50,
      50,
      50,
      50,
      50,
      50,
      50,
      50,
      50,
      50,
      50,
      50,
      50,
      50,
      50,
      50,
      50,
      50,
      50,
      50,
      50,
      50,
      50,
      50,
      50,
      50
    ],
    "deaths_cum": [
      0,
      0,
      0,
      0,
      0,
      0,
      0,
      0,
      0,
      0,
      0,
      0,
      0,
      0,
      0,
      0,
      0,
      0,
      0,
      0,
      0,
      0,
      0,
      0,
      0,
      0,
      0,
      0,
      0,
      0,
      0,
      0,
      0,
      0,
      0,
      0,
      0,
      0,
      0,
      0,
      0,
      0,
      0,
      0,
      0,
      0,
      0,
      0,
      0,
      0,
      0,
      0,
      0,
      0,
      0,
      0,
      0,
      0,
      0,
      0,
      0
    ],
    "avg_hunger": [
      0.30000001192092896,
      0.30496034026145935,
      0.30992066860198975,
      0.31488099694252014,
      0.3198413550853729,
      0.3248016834259033,
      0.32976195216178894,
      0.3347223401069641,
      0.3396826684474945,
      0.3446429371833801,
      0.3496032953262329,
      0.3545635938644409,
      0.3595239520072937,
      0.3644842803478241,
      0.3694445788860321,
      0.3744049370288849,
      0.3793652653694153,
      0.3843255639076233,
      0.3892859220504761,
      0.39424628019332886,
      0.39920657873153687,
      0.40416690707206726,
      0.40912720561027527,
      0.41408756375312805,
      0.41904789209365845,
      0.42400819063186646,
      0.42896851897239685,
      0.433928906917572,
      0.43888920545578003,
      0.4438495337963104,
      0.4488098919391632,
      0.4537701904773712,
      0.4587305188179016,
      0.4636908769607544,
      0.4686512053012848,
      0.4736115336418152,
      0.4785718023777008,
      0.4835321307182312,
      0.48849251866340637,
      0.493452787399292,
      0.4984131157398224,
      0.5033734440803528,
      0.508333683013916,
      0.5132940411567688,
      0.5182543396949768,
      0.52321457862854,
      0.5281749367713928,
      0.533135175704956,
      0.5380955338478088,
      0.5430558323860168,
      0.5480160713195801,
      0.5529764294624329,
      0.5579367280006409,
      0.5628969669342041,
      0.5678573250770569,
      0.5728175640106201,
      0.5777779221534729,
      0.5827382206916809,
      0.5876984596252441,
      0.5926588177680969,
      0.5976191163063049
    ],
    "avg_thirst": [
      0.30000001192092896,
      0.3231481611728668,
      0.3462963104248047,
      0.36944442987442017,
      0.3925926685333252,
      0.4157407879829407,
      0.43888893723487854,
      0.46203699707984924,
      0.4851852059364319,
      0.5083332657814026,
      0.5314814448356628,
      0.5546295642852783,
      0.5777776837348938,
      0.6009258031845093,
      0.4140738546848297,
      0.43722206354141235,
      0.37037017941474915,
      0.3935183584690094,
      0.4166664779186249,
      0.4398146867752075,
      0.462962806224823,
      0.4861109256744385,
      0.509259045124054,
      0.5324072241783142,
      0.5555553436279297,
      0.5787034034729004,
      0.6018515825271606,
      0.44499966502189636,
      0.46814781427383423,
      0.4912959039211273,
      0.3944440484046936,
      0.41759222745895386,
      0.44074034690856934,
      0.463888555765152,
      0.48703670501708984,
      0.5101848244667053,
      0.5333330035209656,
      0.5564810037612915,
      0.5796291828155518,
      0.6027773022651672,
      0.6259254217147827,
      0.4810735285282135,
      0.5042216777801514,
      0.3953697979450226,
      0.41851794719696045,
      0.4416660666465759,
      0.46481427550315857,
      0.48796242475509644,
      0.5111104846000671,
      0.5342586040496826,
      0.5574067831039429,
      0.5805549025535583,
      0.6037029027938843,
      0.6268511414527893,
      0.511999249458313,
      0.5351474285125732,
      0.3962954580783844,
      0.4194435775279999,
      0.4425917863845825,
      0.4657399654388428,
      0.48888808488845825
    ],
    "avg_vitality": [
      1.0,
      1.0,
      1.0,
      1.0,
      1.0,
      1.0,
      1.0,
      1.0,
      1.0,
      1.0,
      1.0,
      1.0,
      1.0,
      1.0,
      1.0,
      1.0,
      1.0,
      1.0,
      1.0,
      1.0,
      1.0,
      1.0,
      1.0,
      1.0,
      1.0,
      1.0,
      1.0,
      1.0,
      1.0,
      1.0,
      1.0,
      1.0,
      1.0,
      1.0,
      1.0,
      1.0,
      1.0,
      1.0,
      1.0,
      1.0,
      1.0,
      1.0,
      1.0,
      1.0,
      1.0,
      1.0,
      1.0,
      1.0,
      1.0,
      1.0,
      1.0,
      1.0,
      1.0,
      1.0,
      1.0,
      1.0,
      1.0,
      1.0,
      1.0,
      1.0,
      1.0
    ],
    "fights_cum": [
      0,
      0,
      0,
      0,
      0,
      0,
      0,
      0,
      0,
      0,
      0,
      0,
      0,
      0,
      0,
      0,
      0,
      0,
      0,
      0,
      0,
      0,
      0,
      0,
      0,
      0,
      0,
      0,
      0,
      0,
      0,
      0,
      0,
      0,
      0,
      0,
      0,
      0,
      0,
      0,
      0,
      0,
      0,
      0,
      0,
      0,
      0,
      0,
      0,
      0,
      0,
      0,
      0,
      0,
      0,
      0,
      0,
      0,
      0,
      0,
      0
    ],
    "shares_cum": [
      0,
      0,
      0,
      0,
      0,
      0,
      0,
      0,
      0,
      0,
      0,
      0,
      0,
      0,
      0,
      0,
      0,
      0,
      0,
      0,
      0,
      0,
      0,
      0,
      0,
      0,
      0,
      0,
      0,
      0,
      0,
      0,
      0,
      0,
      0,
      0,
      0,
      0,
      0,
      0,
      0,
      0,
      0,
      0,
      0,
      0,
      0,
      0,
      0,
      0,
      0,
      0,
      0,
      0,
      0,
      0,
      0,
      0,
      0,
      0,
      0
    ],