{
  "experiment": "exp3_two_cultures",
  "config": {
    "seed": 20017429960312,
    "founders": 24,
    "max_agents": 200,
    "bounds_km": [
      0.9,
      0.9
    ],
    "cultures": 2,
    "drive_accel": 3500.0,
    "catastrophe_at_tick": -1
  },
  "ticks_run": 80,
  "wall_clock_s": 4.515533218989731,
  "tps": 17.71662306979962,
  "final_alive": 24,
  "cum_births": 24,
  "cum_deaths": 0,
  "cum_events": 148,
  "metrics": {
    "tick": [
      0,
      1,
      2,
      3,
      4,
      5,
      6,
      7,
      8,
      9,
      10,
      11,
      12,
      13,
      14,
      15,
      16,
      17,
      18,
      19,
      20,
      21,
      22,
      23,
      24,
      25,
      26,
      27,
      28,
      29,
      30,
      31,
      32,
      33,
      34,
      35,
      36,
      37,
      38,
      39,
      40,
      41,
      42,
      43,
      44,
      45,
      46,
      47,
      48,
      49,
      50,
      51,
      52,
      53,
      54,
      55,
      56,
      57,
      58,
      59,
      60,
      61,
      62,
      63,
      64,
      65,
      66,
      67,
      68,
      69,
      70,
      71,
      72,
      73,
      74,
      75,
      76,
      77,
      78,
      79,
      80
    ],
    "population": [
      24,
      24,
      24,
      24,
      24,
      24,
      24,
      24,
      24,
      24,
      24,
      24,
      24,
      24,
      24,
      24,
      24,
      24,
      24,
      24,
      24,
      24,
      24,
      24,
      24,
      24,
      24,
      24,
      24,
      24,
      24,
      24,
      24,
      24,
      24,
      24,
      24,
      24,
      24,
      24,
      24,
      24,
      24,
      24,
      24,
      24,
      24,
      24,
      24,
      24,
      24,
      24,
      24,
      24,
      24,
      24,
      24,
      24,
      24,
      24,
      24,
      24,
      24,
      24,
      24,
      24,
      24,
      24,
      24,
      24,
      24,
      24,
      24,
      24,
      24,
      24,
      24,
      24,
      24,
      24,
      24
    ],
    "births_cum": [
      24,
      24,
      24,
      24,
      24,
      24,
      24,
      24,
      24,
      24,
      24,
      24,
      24,
      24,
      24,
      24,
      24,
      24,
      24,
      24,
      24,
      24,
      24,
      24,
      24,
      24,
      24,
      24,
      24,
      24,
      24,
      24,
      24,
      24,
      24,
      24,
      24,
      24,
      24,
      24,
      24,
      24,
      24,
      24,
      24,
      24,
      24,
      24,
      24,
      24,
      24,
      24,
      24,
      24,
      24,
      24,
      24,
      24,
      24,
      24,
      24,
      24,
      24,
      24,
      24,
      24,
      24,
      24,
      24,
      24,
      24,
      24,
      24,
      24,
      24,
      24,
      24,
      24,
      24,
      24,
      24
    ],
    "deaths_cum": [
      0,
      0,
      0,
      0,
      0,
      0,
      0,
      0,
      0,
      0,
      0,
      0,
      0,
      0,
      0,
      0,
      0,
      0,
      0,
      0,
      0,
      0,
      0,
      0,
      0,
      0,
      0,
      0,
      0,
      0,
      0,
      0,
      0,
      0,
      0,
      0,
      0,
      0,
      0,
      0,
      0,
      0,
      0,
      0,
      0,
      0,
      0,
      0,
      0,
      0,
      0,
      0,
      0,
      0,
      0,
      0,
      0,
      0,
      0,
      0,
      0,
      0,
      0,
      0,
      0,
      0,
      0,
      0,
      0,
      0,
      0,
      0,
      0,
      0,
      0,
      0,
      0,
      0,
      0,
      0,
      0
    ],
    "avg_hunger": [
      0.30000001192092896,
      0.3028935194015503,
      0.30578702688217163,
      0.30868053436279297,
      0.3115740418434143,
      0.31446754932403564,
      0.317361056804657,
      0.3202545642852783,
      0.32314807176589966,
      0.326041579246521,
      0.32893508672714233,
      0.33182859420776367,
      0.3347221314907074,
      0.33761560916900635,
      0.3405090868473053,
      0.343402624130249,
      0.34629616141319275,
      0.3491896390914917,
      0.35208311676979065,
      0.3549766540527344,
      0.3578701913356781,
      0.36076366901397705,
      0.363657146692276,
      0.3665506839752197,
      0.36944422125816345,
      0.3723376989364624,
      0.37523117661476135,
      0.3781247138977051,
      0.3810182511806488,
      0.38391172885894775,
      0.3868052065372467,
      0.38969874382019043,
      0.39259228110313416,
      0.3954857587814331,
      0.39837923645973206,
      0.4012727737426758,
      0.4041663110256195,
      0.40705978870391846,
      0.4099532663822174,
      0.41284680366516113,
      0.41574034094810486,
      0.4186338186264038,
      0.42152729630470276,
      0.4244208335876465,
      0.4273143708705902,
      0.43020784854888916,
      0.4331013262271881,
      0.43599486351013184,
      0.43888840079307556,
      0.4417818784713745,
      0.44467535614967346,
      0.4475688934326172,
      0.4504624307155609,
      0.45335590839385986,
      0.4562493860721588,
      0.45914292335510254,
      0.46203646063804626,
      0.4649299383163452,
      0.46782341599464417,
      0.4707169532775879,
      0.4736104905605316,
      0.47650396823883057,
      0.4793974459171295,
      0.48229098320007324,
      0.48518452048301697,
      0.4880779981613159,
      0.49097147583961487,
      0.4938650131225586,
      0.4967585504055023,
      0.49965202808380127,
      0.5025455355644226,
      0.505439043045044,
      0.5083325505256653,
      0.5112260580062866,
      0.514119565486908,
      0.5170130729675293,
      0.5199065804481506,
      0.522800087928772,
      0.5256935954093933,
      0.5285871028900146,
      0.531480610370636
    ],
    "avg_thirst": [
      0.30000001192092896,
      0.31350308656692505,
      0.32700616121292114,
      0.3405092656612396,
      0.3540123403072357,
      0.3675154149532318,
      0.3810184895992279,
      0.394521564245224,
      0.4080246388912201,
      0.4215277135372162,
      0.4350307881832123,
      0.4485338628292084,
      0.46203693747520447,
      0.47554001212120056,
      0.48904308676719666,
      0.5025461316108704,
      0.5160492062568665,
      0.5295522809028625,
      0.5430553555488586,
      0.5565584301948547,
      0.5700615048408508,
      0.5835645794868469,
      0.597067654132843,
      0.6105707287788391,
      0.38657379150390625,
      0.40007686614990234,
      0.41357994079589844,
      0.36458301544189453,
      0.3780860900878906,
      0.3915891647338867,
      0.4050922393798828,
      0.4185953140258789,
      0.432098388671875,
      0.4456014633178711,
      0.4591045379638672,
      0.4726076126098633,
      0.4861106872558594,
      0.49961376190185547,
      0.5131168365478516,
      0.5266199111938477,
      0.5401229858398438,
      0.5536260604858398,
      0.5671291351318359,
      0.580632209777832,
      0.5941352844238281,
      0.6076383590698242,
      0.4211414158344269,
      0.434644490480423,
      0.435647577047348,
      0.4491506814956665,
      0.37515369057655334,
      0.38865676522254944,
      0.40215983986854553,
      0.4156629145145416,
      0.4291659891605377,
      0.4426690638065338,
      0.4561721384525299,
      0.469675213098526,
      0.4831782877445221,
      0.4966813623905182,
      0.5101844668388367,
      0.5236875414848328,
      0.5371906161308289,
      0.550693690776825,
      0.564196765422821,
      0.5776998400688171,
      0.5912029147148132,
      0.6047059893608093,
      0.4182090759277344,
      0.43171215057373047,
      0.44521522521972656,
      0.45871829986572266,
      0.37222135066986084,
      0.38572442531585693,
      0.399227499961853,
      0.4127305746078491,
      0.4262336492538452,
      0.4397367238998413,
      0.4532397985458374,
      0.4667428731918335,
      0.4802459478378296
    ],