{
  "experiment": "exp4_catastrophe",
  "config": {
    "seed": 3512358882,
    "founders": 30,
    "max_agents": 200,
    "bounds_km": [
      0.8,
      0.8
    ],
    "cultures": 1,
    "drive_accel": 4000.0,
    "catastrophe_at_tick": 30
  },
  "ticks_run": 60,
  "wall_clock_s": 2.841398543998366,
  "tps": 21.1163619150621,
  "final_alive": 30,
  "cum_births": 30,
  "cum_deaths": 0,
  "cum_events": 218,
  "metrics": {
    "tick": [
      0,
      1,
      2,
      3,
      4,
      5,
      6,
      7,
      8,
      9,
      10,
      11,
      12,
      13,
      14,
      15,
      16,
      17,
      18,
      19,
      20,
      21,
      22,
      23,
      24,
      25,
      26,
      27,
      28,
      29,
      30,
      31,
      32,
      33,
      34,
      35,
      36,
      37,
      38,
      39,
      40,
      41,
      42,
      43,
      44,
      45,
      46,
      47,
      48,
      49,
      50,
      51,
      52,
      53,
      54,
      55,
      56,
      57,
      58,
      59,
      60
    ],
    "population": [
      30,
      30,
      30,
      30,
      30,
      30,
      30,
      30,
      30,
      30,
      30,
      30,
      30,
      30,
      30,
      30,
      30,
      30,
      30,
      30,
      30,
      30,
      30,
      30,
      30,
      30,
      30,
      30,
      30,
      30,
      30,
      30,
      30,
      30,
      30,
      30,
      30,
      30,
      30,
      30,
      30,
      30,
      30,
      30,
      30,
      30,
      30,
      30,
      30,
      30,
      30,
      30,
      30,
      30,
      30,
      30,
      30,
      30,
      30,
      30,
      30
    ],
    "births_cum": [
      30,
      30,
      30,
      30,
      30,
      30,
      30,
      30,
      30,
      30,
      30,
      30,
      30,
      30,
      30,
      30,
      30,
      30,
      30,
      30,
      30,
      30,
      30,
      30,
      30,
      30,
      30,
      30,
      30,
      30,
      30,
      30,
      30,
      30,
      30,
      30,
      30,
      30,
      30,
      30,
      30,
      30,
      30,
      30,
      30,
      30,
      30,
      30,
      30,
      30,
      30,
      30,
      30,
      30,
      30,
      30,
      30,
      30,
      30,
      30,
      30
    ],
    "deaths_cum": [
      0,
      0,
      0,
      0,
      0,
      0,
      0,
      0,
      0,
      0,
      0,
      0,
      0,
      0,
      0,
      0,
      0,
      0,
      0,
      0,
      0,
      0,
      0,
      0,
      0,
      0,
      0,
      0,
      0,
      0,
      0,
      0,
      0,
      0,
      0,
      0,
      0,
      0,
      0,
      0,
      0,
      0,
      0,
      0,
      0,
      0,
      0,
      0,
      0,
      0,
      0,
      0,
      0,
      0,
      0,
      0,
      0,
      0,
      0,
      0,
      0
    ],
    "avg_hunger": [
      0.30000004172325134,
      0.3033068776130676,
      0.3066137731075287,
      0.3099205791950226,
      0.31322750449180603,
      0.3165343105792999,
      0.3198412358760834,
      0.32314804196357727,
      0.3264549672603607,
      0.3297617733478546,
      0.33306869864463806,
      0.33637550473213196,
      0.3396824598312378,
      0.3429892361164093,
      0.34629619121551514,
      0.34960296750068665,
      0.3529099225997925,
      0.356216698884964,
      0.3595236539840698,
      0.36283043026924133,
      0.36613738536834717,
      0.3694441616535187,
      0.3727511167526245,
      0.376057893037796,
      0.37936484813690186,
      0.38267162442207336,
      0.3859785795211792,
      0.3892853558063507,
      0.39259231090545654,
      0.39589908719062805,
      0.3992060422897339,
      0.4025128185749054,
      0.40581977367401123,
      0.40912654995918274,
      0.4124335050582886,
      0.4157402813434601,
      0.4190472364425659,
      0.4223540127277374,
      0.42566096782684326,
      0.42896774411201477,
      0.4322746992111206,
      0.4355814754962921,
      0.43888843059539795,
      0.44219520688056946,
      0.4455021619796753,
      0.4488089382648468,
      0.45211589336395264,
      0.45542266964912415,
      0.45872962474823,
      0.4620364010334015,
      0.4653433561325073,
      0.46865013241767883,
      0.47195708751678467,
      0.4752638638019562,
      0.478570818901062,
      0.4818775951862335,
      0.48518455028533936,
      0.48849132657051086,
      0.4917982816696167,
      0.4951050579547882,
      0.49841201305389404
    ],
    "avg_thirst": [
      0.30000004172325134,
      0.3154321610927582,
      0.3308641314506531,
      0.3462962806224823,
      0.36172839999198914,
      0.3771604001522064,
      0.39259251952171326,
      0.4080246686935425,
      0.4234568178653717,
      0.4388887584209442,
      0.45432090759277344,
      0.46975305676460266,
      0.48518499732017517,
      0.5006171464920044,
      0.516049325466156,
      0.5314815044403076,
      0.5469134449958801,
      0.5623456239700317,
      0.5777778029441833,
      0.593209981918335,
      0.608642041683197,
      0.4140740931034088,
      0.4295062720775604,
      0.44493839144706726,
      0.3703705072402954,
      0.3858024477958679,
      0.40123462677001953,
      0.41666680574417114,
      0.43209871649742126,
      0.4475308656692505,
      0.4629629850387573,
      0.47839513421058655,
      0.49382707476615906,
      0.5092592239379883,
      0.5246914029121399,
      0.5401235222816467,
      0.555555522441864,
      0.5709877014160156,
      0.5864198803901672,
      0.6018520593643188,
      0.46728402376174927,
      0.4827161431312561,
      0.4981483221054077,
      0.5135805010795593,
      0.3790125548839569,
      0.3944445252418518,
      0.4098767042160034,
      0.4253087341785431,
      0.44074076414108276,
      0.4561729431152344,
      0.4716050326824188,
      0.48703715205192566,
      0.5024691820144653,
      0.5179013609886169,
      0.5333335399627686,
      0.5487655997276306,
      0.5641976594924927,
      0.5796298384666443,
      0.5950620174407959,
      0.6104941964149475,
      0.6259262561798096
    ],
    "avg_vitality": [
      1.0,
      1.0,
      1.0,
      1.0,
      1.0,
      1.0,
      1.0,
      1.0,
      1.0,
      1.0,
      1.0,
      1.0,
      1.0,
      1.0,
      1.0,
      1.0,
      1.0,
      1.0,
      1.0,
      1.0,
      1.0,
      1.0,
      1.0,
      1.0,
      1.0,
      1.0,
      1.0,
      1.0,
      1.0,
      1.0,
      1.0,
      1.0,
      1.0,
      1.0,
      1.0,
      1.0,
      1.0,
      1.0,
      1.0,
      1.0,
      1.0,
      1.0,
      1.0,
      1.0,
      1.0,
      1.0,
      1.0,
      1.0,
      1.0,
      1.0,
      1.0,
      1.0,
      1.0,
      1.0,
      1.0,
      1.0,
      1.0,
      1.0,
      1.0,
      1.0,
      1.0
    ],
    "fights_cum": [
      0,
      0,
      0,
      0,
      0,
      0,
      0,
      0,
      0,
      0,
      0,
      0,
      0,
      0,
      0,
      0,
      0,
      0,
      0,
      0,
      0,
      0,
      0,
      0,
      0,
      0,
      0,
      0,
      0,
      0,
      0,
      0,
      0,
      0,
      0,
      0,
      0,
      0,
      0,
      0,
      0,
      0,
      0,
      0,
      0,
      0,
      0,
      0,
      0,
      0,
      0,
      0,
      0,
      0,
      0,
      0,
      0,
      0,
      0,
      0,
      0
    ],
    "shares_cum": [
      0,
      0,
      0,
      0,
      0,
      0,
      0,
      0,
      0,
      0,
      0,
      0,
      0,
      0,
      0,
      0,
      0,
      0,
      0,
      0,
      0,
      0,
      0,
      0,
      0,
      0,
      0,
      0,
      0,
      0,
      0,
      0,
      0,
      0,
      0,
      0,
      0,
      0,
      0,
      0,
      0,
      0,
      0,
      0,
      0,
      0,
      0,
      0,
      0,
      0,
      0,
      0,
      0,
      0,
      0,
      0,
      0,
      0,
      0,
      0,
      0
    ],