{
  "experiment": "stress_100",
  "ticks_run": 50,
  "wall_clock_s": 11.92006768999272,
  "tps": 4.194607052607311,
  "final_alive": 135,
  "cum_births": 135,
  "cum_deaths": 0,
  "cum_events": 883,
  "vocalizations": 313,
  "competitions": 397,
  "groups_formed": 3,
  "groups_dissolved": 0,
  "distinct_lex_signatures": 313,
  "fights_cum": 0,
  "shares_cum": 0,
  "matings_cum": 35,
  "max_generation": 0,
  "avg_affinity_final": -0.0026857749469214385,
  "metrics": {
    "tick": [
      0,
      1,
      2,
      3,
      4,
      5,
      6,
      7,
      8,
      9,
      10,
      11,
      12,
      13,
      14,
      15,
      16,
      17,
      18,
      19,
      20,
      21,
      22,
      23,
      24,
      25,
      26,
      27,
      28,
      29,
      30,
      31,
      32,
      33,
      34,
      35,
      36,
      37,
      38,
      39,
      40,
      41,
      42,
      43,
      44,
      45,
      46,
      47,
      48,
      49,
      50
    ],
    "population": [
      100,
      100,
      100,
      100,
      100,
      100,
      100,
      100,
      100,
      100,
      100,
      101,
      101,
      101,
      101,
      102,
      103,
      103,
      103,
      104,
      105,
      106,
      107,
      108,
      108,
      109,
      109,
      109,
      109,
      111,
      112,
      113,
      114,
      114,
      115,
      115,
      116,
      117,
      118,
      118,
      119,
      120,
      121,
      121,
      125,
      125,
      128,
      132,
      134,
      135,
      135
    ],
    "births_cum": [
      100,
      100,
      100,
      100,
      100,
      100,
      100,
      100,
      100,
      100,
      100,
      101,
      101,
      101,
      101,
      102,
      103,
      103,
      103,
      104,
      105,
      106,
      107,
      108,
      108,
      109,
      109,
      109,
      109,
      111,
      112,
      113,
      114,
      114,
      115,
      115,
      116,
      117,
      118,
      118,
      119,
      120,
      121,
      121,
      125,
      125,
      128,
      132,
      134,
      135,
      135
    ],
    "deaths_cum": [
      0,
      0,
      0,
      0,
      0,
      0,
      0,
      0,
      0,
      0,
      0,
      0,
      0,
      0,
      0,
      0,
      0,
      0,
      0,
      0,
      0,
      0,
      0,
      0,
      0,
      0,
      0,
      0,
      0,
      0,
      0,
      0,
      0,
      0,
      0,
      0,
      0,
      0,
      0,
      0,
      0,
      0,
      0,
      0,
      0,
      0,
      0,
      0,
      0,
      0,
      0
    ],
    "avg_hunger": [
      0.2999999523162842,
      0.3016533851623535,
      0.30330681800842285,
      0.3049602806568146,
      0.3066137135028839,
      0.30826714634895325,
      0.30992060899734497,
      0.3115740418434143,
      0.31322741508483887,
      0.3148808479309082,
      0.31653428077697754,
      0.3180076777935028,
      0.31966108083724976,
      0.3213145136833191,
      0.3229679763317108,
      0.3243800103664398,
      0.3257806599140167,
      0.3274341821670532,
      0.3290875554084778,
      0.33044543862342834,
      0.3317930996417999,
      0.3331310451030731,
      0.3344593942165375,
      0.33577847480773926,
      0.337431937456131,
      0.3387266993522644,
      0.3403801918029785,
      0.34203359484672546,
      0.3436870872974396,
      0.34452348947525024,
      0.3457646667957306,
      0.3469984531402588,
      0.3482251465320587,
      0.34987857937812805,
      0.351083904504776,
      0.3527373671531677,
      0.3539218604564667,
      0.3551003336906433,
      0.35627278685569763,
      0.35792621970176697,
      0.3590790033340454,
      0.36022627353668213,
      0.361368328332901,
      0.3630217909812927,
      0.36260557174682617,
      0.3642590641975403,
      0.36436766386032104,
      0.36402037739753723,
      0.36469361186027527,
      0.3658555746078491,
      0.36750900745391846
    ],
    "avg_thirst": [
      0.2999999523162842,
      0.30771613121032715,
      0.315432071685791,
      0.3231482207775116,
      0.33086422085762024,
      0.3385803699493408,
      0.34629642963409424,
      0.3540123999118805,
      0.3617284893989563,
      0.3694446086883545,
      0.37716051936149597,
      0.3840363025665283,
      0.39175236225128174,
      0.39946848154067993,
      0.4071844220161438,
      0.4137740731239319,
      0.4203106760978699,
      0.42802661657333374,
      0.43574267625808716,
      0.4420793950557709,
      0.4483688473701477,
      0.4546123445034027,
      0.4608113169670105,
      0.46696698665618896,
      0.4746830463409424,
      0.4807256758213043,
      0.48844173550605774,
      0.49615785479545593,
      0.5038739442825317,
      0.5077774524688721,
      0.5135694742202759,
      0.5193273425102234,
      0.5250518321990967,
      0.5327677726745605,
      0.5383926630020142,
      0.5461087822914124,
      0.5516367554664612,
      0.557136058807373,
      0.5626075863838196,
      0.570323646068573,
      0.45469486713409424,
      0.46105751395225525,
      0.467378705739975,
      0.4750947952270508,
      0.4769608676433563,
      0.48227694630622864,
      0.37062862515449524,
      0.3758372664451599,
      0.3821749985218048,
      0.38922521471977234,
      0.39694130420684814
    ],
    "avg_vitality": [
      1.0,
      1.0,
      1.0,
      1.0,
      1.0,
      1.0,
      1.0,
      1.0,
      1.0,
      1.0,
      1.0,
      1.0,
      1.0,
      1.0,
      1.0,
      1.0,
      1.0,
      1.0,
      1.0,
      1.0,
      1.0,
      1.0,
      1.0,
      1.0,
      1.0,
      1.0,
      1.0,
      1.0,
      1.0,
      1.0,
      1.0,
      1.0,
      1.0,
      1.0,
      1.0,
      1.0,
      1.0,
      1.0,
      1.0,
      1.0,
      1.0,
      1.0,
      1.0,
      1.0,
      1.0,
      1.0,
      1.0,
      1.0,
      1.0,
      1.0,
      1.0
    ],
    "fights_cum": [
      0,
      0,
      0,
      0,
      0,
      0,
      0,
      0,
      0,
      0,
      0,
      0,
      0,
      0,
      0,
      0,
      0,
      0,
      0,
      0,
      0,
      0,
      0,
      0,
      0,
      0,
      0,
      0,
      0,
      0,
      0,
      0,
      0,
      0,
      0,
      0,
      0,
      0,
      0,
      0,
      0,
      0,
      0,
      0,
      0,
      0,
      0,
      0,
      0,
      0,
      0
    ],
    "shares_cum": [
      0,
      0,
      0,
      0,
      0,
      0,
      0,
      0,
      0,
      0,
      0,
      0,
      0,
      0,
      0,
      0,
      0,
      0,
      0,
      0,
      0,
      0,
      0,
      0,
      0,
      0,
      0,
      0,
      0,
      0,
      0,
      0,
      0,
      0,
      0,
      0,
      0,
      0,
      0,
      0,
      0,
      0,
      0,
      0,
      0,
      0,
      0,
      0,
      0,
      0,
      0
    ],
    "matings_cum": [
      0,
      0,
      0,
      0,
      0,
      0,
      0,
      0,
      0,
      0,
      0,
      1,
      1,
      1,
      1,
      2,
      3,
      3,
      3,
      4,
      5,
      6,
      7,
      8,
      8,
      9,
      9,
      9,
      9,
      11,
      12,
      13,
      14,
      14,
      15,
      15,
      16,
      17,
      18,
      18,
      19,
      20,
      21,
      21,
      25,
      25,
      28,
      32,
      34,
      35,
      35
    ],