{
  "experiment": "exp2_food_pressure",
  "ticks_run": 100,
  "wall_clock_s": 15.454642855009297,
  "tps": 6.470547455426129,
  "final_alive": 152,
  "cum_births": 152,
  "cum_deaths": 0,
  "cum_events": 1362,
  "vocalizations": 516,
  "competitions": 197,
  "groups_formed": 5,
  "groups_dissolved": 2,
  "distinct_lex_signatures": 516,
  "fights_cum": 0,
  "shares_cum": 388,
  "matings_cum": 102,
  "max_generation": 1,
  "avg_affinity_final": 0.05412546583850933,
  "metrics": {
    "tick": [
      0,
      1,
      2,
      3,
      4,
      5,
      6,
      7,
      8,
      9,
      10,
      11,
      12,
      13,
      14,
      15,
      16,
      17,
      18,
      19,
      20,
      21,
      22,
      23,
      24,
      25,
      26,
      27,
      28,
      29,
      30,
      31,
      32,
      33,
      34,
      35,
      36,
      37,
      38,
      39,
      40,
      41,
      42,
      43,
      44,
      45,
      46,
      47,
      48,
      49,
      50,
      51,
      52,
      53,
      54,
      55,
      56,
      57,
      58,
      59,
      60,
      61,
      62,
      63,
      64,
      65,
      66,
      67,
      68,
      69,
      70,
      71,
      72,
      73,
      74,
      75,
      76,
      77,
      78,
      79,
      80,
      81,
      82,
      83,
      84,
      85,
      86,
      87,
      88,
      89,
      90,
      91,
      92,
      93,
      94,
      95,
      96,
      97,
      98,
      99,
      100
    ],
    "population": [
      50,
      50,
      50,
      50,
      50,
      50,
      50,
      50,
      50,
      51,
      51,
      51,
      51,
      51,
      51,
      51,
      51,
      52,
      52,
      52,
      52,
      52,
      53,
      53,
      53,
      54,
      55,
      55,
      55,
      55,
      56,
      56,
      56,
      57,
      58,
      58,
      58,
      58,
      60,
      60,
      60,
      61,
      62,
      62,
      63,
      63,
      65,
      65,
      65,
      66,
      67,
      67,
      68,
      68,
      70,
      70,
      70,
      73,
      75,
      75,
      76,
      76,
      78,
      78,
      78,
      80,
      82,
      82,
      84,
      85,
      88,
      89,
      90,
      95,
      98,
      99,
      102,
      104,
      107,
      107,
      109,
      111,
      114,
      117,
      120,
      121,
      124,
      124,
      127,
      128,
      130,
      132,
      135,
      138,
      141,
      143,
      145,
      145,
      146,
      147,
      152
    ],
    "births_cum": [
      50,
      50,
      50,
      50,
      50,
      50,
      50,
      50,
      50,
      51,
      51,
      51,
      51,
      51,
      51,
      51,
      51,
      52,
      52,
      52,
      52,
      52,
      53,
      53,
      53,
      54,
      55,
      55,
      55,
      55,
      56,
      56,
      56,
      57,
      58,
      58,
      58,
      58,
      60,
      60,
      60,
      61,
      62,
      62,
      63,
      63,
      65,
      65,
      65,
      66,
      67,
      67,
      68,
      68,
      70,
      70,
      70,
      73,
      75,
      75,
      76,
      76,
      78,
      78,
      78,
      80,
      82,
      82,
      84,
      85,
      88,
      89,
      90,
      95,
      98,
      99,
      102,
      104,
      107,
      107,
      109,
      111,
      114,
      117,
      120,
      121,
      124,
      124,
      127,
      128,
      130,
      132,
      135,
      138,
      141,
      143,
      145,
      145,
      146,
      147,
      152
    ],
    "deaths_cum": [
      0,
      0,
      0,
      0,
      0,
      0,
      0,
      0,
      0,
      0,
      0,
      0,
      0,
      0,
      0,
      0,
      0,
      0,
      0,
      0,
      0,
      0,
      0,
      0,
      0,
      0,
      0,
      0,
      0,
      0,
      0,
      0,
      0,
      0,
      0,
      0,
      0,
      0,
      0,
      0,
      0,
      0,
      0,
      0,
      0,
      0,
      0,
      0,
      0,
      0,
      0,
      0,
      0,
      0,
      0,
      0,
      0,
      0,
      0,
      0,
      0,
      0,
      0,
      0,
      0,
      0,
      0,
      0,
      0,
      0,
      0,
      0,
      0,
      0,
      0,
      0,
      0,
      0,
      0,
      0,
      0,
      0,
      0,
      0,
      0,
      0,
      0,
      0,
      0,
      0,
      0,
      0,
      0,
      0,
      0,
      0,
      0,
      0,
      0,
      0,
      0
    ],
    "avg_hunger": [
      0.30000001192092896,
      0.30496034026145935,
      0.30992066860198975,
      0.31488099694252014,
      0.3198413550853729,
      0.3248016834259033,
      0.32976195216178894,
      0.3347223401069641,
      0.3396826684474945,
      0.34376758337020874,
      0.3487279415130615,
      0.3536882698535919,
      0.3586485981941223,
      0.3636089265346527,
      0.3685692548751831,
      0.3735295832157135,
      0.3784899115562439,
      0.3818454146385193,
      0.3868057429790497,
      0.39176613092422485,
      0.3967263996601105,
      0.40168672800064087,
      0.40463483333587646,
      0.40959516167640686,
      0.41455551981925964,
      0.41730254888534546,
      0.4200398921966553,
      0.4250003397464752,
      0.42996060848236084,
      0.43492090702056885,
      0.43738338351249695,
      0.44234371185302734,
      0.44730404019355774,
      0.44959306716918945,
      0.45188871026039124,
      0.45684903860092163,
      0.461809366941452,
      0.46676966547966003,
      0.46600568294525146,
      0.47096601128578186,
      0.47592630982398987,
      0.4779212474822998,
      0.47993186116218567,
      0.48489218950271606,
      0.4868389070034027,
      0.4917992055416107,
      0.4907054007053375,
      0.4956657290458679,
      0.5006260871887207,
      0.502471387386322,
      0.5043357014656067,
      0.5092960596084595,
      0.511105477809906,
      0.516065776348114,
      0.5147110819816589,
      0.5196714401245117,
      0.5246316194534302,
      0.5201566815376282,
      0.5191138982772827,
      0.5240741968154907,
      0.526020884513855,
      0.530981183052063,
      0.5280967950820923,
      0.531326413154602,
      0.5362866520881653,
      0.531694233417511,
      0.5308824777603149,
      0.5249817371368408,
      0.5238123536109924,
      0.5260812640190125,
      0.5231651067733765,
      0.5250004529953003,
      0.5158121585845947,
      0.5091001391410828,
      0.5055496096611023,
      0.5070482492446899,
      0.5039806365966797,
      0.5041930675506592,
      0.50077885389328,
      0.5048683285713196,
      0.505657434463501,
      0.5062822699546814,
      0.5041189193725586,
      0.5007066130638123,
      0.4995730221271515,
      0.5014210939407349,
      0.5009447336196899,
      0.5051133036613464,
      0.5036810040473938,
      0.5060528516769409,
      0.5065110921859741,
      0.5069669485092163,
      0.5059378743171692,
      0.505987286567688,
      0.506175696849823,
      0.5068092942237854,
      0.5073235630989075,
      0.51197350025177,
      0.5137984156608582,
      0.5157635807991028,
      0.5125470161437988
    ],